<?xml version="1.0" encoding="UTF-8" standalone="no"?>
<feature id="org.wso2.carbon.core.server" label="WSO2 Carbon - Carbon Server Feature" provider-name="%providerName" version="4.2.0">
  <description>This feature contains the carbon core server features</description>
  <copyright>%copyright</copyright>
  <license url="%licenseURL">%license</license>
  <plugin id="org.wso2.carbon.registry.server" unpack="false" version="4.2.0"/>
  <plugin id="poi-ooxml" unpack="false" version="3.9.0.wso2v1"/>
  <plugin id="wss4j" unpack="false" version="1.5.11.wso2v6"/>
  <plugin id="org.wso2.carbon.roles.mgt" unpack="false" version="4.2.0"/>
  <plugin id="org.wso2.carbon.cluster.mgt.core" unpack="false" version="4.2.0"/>
  <plugin id="org.wso2.carbon.core.services" unpack="false" version="4.2.0"/>
  <plugin id="org.wso2.carbon.user.core" unpack="false" version="4.2.0"/>
  <plugin id="org.wso2.carbon.p2.touchpoint" unpack="false" version="4.2.0"/>
  <plugin id="org.wso2.carbon.server.admin" unpack="false" version="4.2.0"/>
  <plugin id="org.wso2.carbon.feature.mgt.services" unpack="false" version="4.2.0"/>
</feature>
