<?xml version='1.0' encoding='UTF-8'?>
<?artifactRepository version='1.1.0'?>
<repository name='Bundle pool' type='org.eclipse.equinox.p2.artifact.repository.simpleRepository' version='1.0.0'>
  <properties size='2'>
    <property name='p2.system' value='true'/>
    <property name='p2.timestamp' value='1401604354918'/>
  </properties>
  <mappings size='3'>
    <rule filter='(&amp; (classifier=osgi.bundle))' output='${repoUrl}/plugins/${id}_${version}.jar'/>
    <rule filter='(&amp; (classifier=binary))' output='${repoUrl}/binary/${id}_${version}'/>
    <rule filter='(&amp; (classifier=org.eclipse.update.feature))' output='${repoUrl}/features/${id}_${version}.jar'/>
  </mappings>
  <artifacts size='228'>
    <artifact classifier='osgi.bundle' id='org.eclipse.equinox.app' version='1.3.100.v20120522-1841'>
      <properties size='1'>
        <property name='download.size' value='86391'/>
      </properties>
    </artifact>
    <artifact classifier='osgi.bundle' id='commons-lang' version='2.6.0.wso2v1'>
      <properties size='1'>
        <property name='download.size' value='279726'/>
      </properties>
    </artifact>
    <artifact classifier='osgi.bundle' id='org.wso2.carbon.server.admin.common' version='4.2.0'>
      <properties size='1'>
        <property name='download.size' value='8047'/>
      </properties>
    </artifact>
    <artifact classifier='osgi.bundle' id='jettison' version='1.3.4.wso2v1'>
      <properties size='1'>
        <property name='download.size' value='77784'/>
      </properties>
    </artifact>
    <artifact classifier='org.eclipse.update.feature' id='org.wso2.carbon.core.runtime' version='4.2.0'>
      <properties size='1'>
        <property name='download.size' value='1665'/>
      </properties>
      <repositoryProperties size='1'>
        <property name='artifact.folder' value='true'/>
      </repositoryProperties>
    </artifact>
    <artifact classifier='osgi.bundle' id='authenticator' version='0.7.0.wso2v1'>
      <properties size='1'>
        <property name='download.size' value='10014'/>
      </properties>
    </artifact>
    <artifact classifier='org.eclipse.update.feature' id='org.jaggeryjs.modules.carbon' version='1.0.0'>
      <properties size='1'>
        <property name='download.size' value='21885'/>
      </properties>
      <repositoryProperties size='1'>
        <property name='artifact.folder' value='true'/>
      </repositoryProperties>
    </artifact>
    <artifact classifier='osgi.bundle' id='org.jaggeryjs.jaggery.deployer' version='0.9.0.SNAPSHOT'>
      <properties size='1'>
        <property name='download.size' value='5174'/>
      </properties>
    </artifact>
    <artifact classifier='osgi.bundle' id='rampart-trust' version='1.6.1.wso2v10'>
      <properties size='1'>
        <property name='download.size' value='132696'/>
      </properties>
    </artifact>
    <artifact classifier='osgi.bundle' id='saxon.bps' version='9.0.0.x-wso2v1'>
      <properties size='1'>
        <property name='download.size' value='2607944'/>
      </properties>
    </artifact>
    <artifact classifier='osgi.bundle' id='javax.servlet' version='3.0.0.v201112011016'>
      <properties size='1'>
        <property name='download.size' value='201594'/>
      </properties>
    </artifact>
    <artifact classifier='osgi.bundle' id='org.wso2.carbon.core.bootup.validator' version='4.2.0'>
      <properties size='1'>
        <property name='download.size' value='23918'/>
      </properties>
    </artifact>
    <artifact classifier='osgi.bundle' id='org.apache.felix.gogo.command' version='0.8.0.v201108120515'>
      <properties size='1'>
        <property name='download.size' value='57580'/>
      </properties>
    </artifact>
    <artifact classifier='osgi.bundle' id='h2-database-engine' version='1.2.140.wso2v3'>
      <properties size='1'>
        <property name='download.size' value='2694068'/>
      </properties>
    </artifact>
    <artifact classifier='osgi.bundle' id='org.wso2.carbon.core.commons.stub' version='4.2.0'>
      <properties size='1'>
        <property name='download.size' value='155181'/>
      </properties>
    </artifact>
    <artifact classifier='osgi.bundle' id='tribes' version='7.0.34.wso2v1'>
      <properties size='1'>
        <property name='download.size' value='289403'/>
      </properties>
    </artifact>
    <artifact classifier='osgi.bundle' id='org.jaggeryjs.hostobjects.registry' version='0.9.0.SNAPSHOT'>
      <properties size='1'>
        <property name='download.size' value='25818'/>
      </properties>
    </artifact>
    <artifact classifier='osgi.bundle' id='org.jaggeryjs.modules.uuid' version='1.0.0'>
      <properties size='1'>
        <property name='download.size' value='4024'/>
      </properties>
    </artifact>
    <artifact classifier='org.eclipse.update.feature' id='org.jaggeryjs.modules.caramel' version='1.0.1'>
      <properties size='1'>
        <property name='download.size' value='17265'/>
      </properties>
      <repositoryProperties size='1'>
        <property name='artifact.folder' value='true'/>
      </repositoryProperties>
    </artifact>
    <artifact classifier='osgi.bundle' id='org.eclipse.ecf.identity' version='3.1.100.v20110531-2218'>
      <properties size='1'>
        <property name='download.size' value='51441'/>
      </properties>
    </artifact>
    <artifact classifier='org.eclipse.update.feature' id='org.jaggeryjs.modules.gadget' version='1.0.0'>
      <properties size='1'>
        <property name='download.size' value='6474'/>
      </properties>
      <repositoryProperties size='1'>
        <property name='artifact.folder' value='true'/>
      </repositoryProperties>
    </artifact>
    <artifact classifier='osgi.bundle' id='axis2-json' version='1.6.1.wso2v10'>
      <properties size='1'>
        <property name='download.size' value='59867'/>
      </properties>
    </artifact>
    <artifact classifier='osgi.bundle' id='org.jaggeryjs.modules.oauth' version='1.0.0'>
      <properties size='1'>
        <property name='download.size' value='77362'/>
      </properties>
    </artifact>
    <artifact classifier='osgi.bundle' id='xmlbeans' version='2.3.0.wso2v1'>
      <properties size='1'>
        <property name='download.size' value='2699509'/>
      </properties>
    </artifact>
    <artifact classifier='osgi.bundle' id='XmlSchema' version='1.4.7.wso2v2'>
      <properties size='1'>
        <property name='download.size' value='141611'/>
      </properties>
    </artifact>
    <artifact classifier='osgi.bundle' id='org.jaggeryjs.hostobjects.xhr' version='0.9.0.SNAPSHOT'>
      <properties size='1'>
        <property name='download.size' value='11835'/>
      </properties>
    </artifact>
    <artifact classifier='osgi.bundle' id='poi-scratchpad' version='3.9.0.wso2v1'>
      <properties size='1'>
        <property name='download.size' value='3101027'/>
      </properties>
    </artifact>
    <artifact classifier='osgi.bundle' id='org.wso2.carbon.registry.search' version='4.2.0'>
      <properties size='1'>
        <property name='download.size' value='52919'/>
      </properties>
    </artifact>
    <artifact classifier='osgi.bundle' id='jdbc-pool' version='7.0.34.wso2v1'>
      <properties size='1'>
        <property name='download.size' value='152542'/>
      </properties>
    </artifact>
    <artifact classifier='osgi.bundle' id='json-simple' version='1.1.0.wso2v1'>
      <properties size='1'>
        <property name='download.size' value='18633'/>
      </properties>
    </artifact>
    <artifact classifier='osgi.bundle' id='tiles-jsp' version='2.0.5.wso2v1'>
      <properties size='1'>
        <property name='download.size' value='464803'/>
      </properties>
    </artifact>
    <artifact classifier='org.eclipse.update.feature' id='org.wso2.carbon.core.ui' version='4.2.0'>
      <properties size='1'>
        <property name='download.size' value='1046'/>
      </properties>
      <repositoryProperties size='1'>
        <property name='artifact.folder' value='true'/>
      </repositoryProperties>
    </artifact>
    <artifact classifier='osgi.bundle' id='org.wso2.carbon.roles.mgt' version='4.2.0'>
      <properties size='1'>
        <property name='download.size' value='9699'/>
      </properties>
    </artifact>
    <artifact classifier='osgi.bundle' id='jaxb' version='2.2.5.wso2v1'>
      <properties size='1'>
        <property name='download.size' value='3181505'/>
      </properties>
    </artifact>
    <artifact classifier='osgi.bundle' id='jboss-logging' version='3.1.0.wso2v1'>
      <properties size='1'>
        <property name='download.size' value='50704'/>
      </properties>
    </artifact>
    <artifact classifier='osgi.bundle' id='org.sat4j.pb' version='2.3.0.v20110329'>
      <properties size='1'>
        <property name='download.size' value='140721'/>
      </properties>
    </artifact>
    <artifact classifier='osgi.bundle' id='org.wso2.carbon.registry.common' version='4.2.0'>
      <properties size='1'>
        <property name='download.size' value='49201'/>
      </properties>
    </artifact>
    <artifact classifier='osgi.bundle' id='org.jaggeryjs.admin.styles' version='0.9.0.SNAPSHOT'>
      <properties size='1'>
        <property name='download.size' value='300517'/>
      </properties>
    </artifact>
    <artifact classifier='osgi.bundle' id='commons-codec' version='1.4.0.wso2v1'>
      <properties size='1'>
        <property name='download.size' value='52434'/>
      </properties>
    </artifact>
    <artifact classifier='osgi.bundle' id='org.eclipse.equinox.p2.console' version='1.0.300.v20110502-1955'>
      <properties size='1'>
        <property name='download.size' value='26964'/>
      </properties>
    </artifact>
    <artifact classifier='osgi.bundle' id='solr' version='1.4.1.wso2v1'>
      <properties size='1'>
        <property name='download.size' value='2972081'/>
      </properties>
    </artifact>
    <artifact classifier='osgi.bundle' id='marshalling' version='1.3.6.wso2v1'>
      <properties size='1'>
        <property name='download.size' value='307216'/>
      </properties>
    </artifact>
    <artifact classifier='osgi.bundle' id='poi' version='3.9.0.wso2v1'>
      <properties size='1'>
        <property name='download.size' value='1872432'/>
      </properties>
    </artifact>
    <artifact classifier='osgi.bundle' id='org.wso2.carbon.apache.jasper.fragment' version='4.2.0'>
      <properties size='1'>
        <property name='download.size' value='3970'/>
      </properties>
    </artifact>
    <artifact classifier='osgi.bundle' id='org.eclipse.osgi' version='3.8.1.v20120830-144521'>
      <properties size='1'>
        <property name='download.size' value='1396459'/>
      </properties>
    </artifact>
    <artifact classifier='osgi.bundle' id='backport-util-concurrent' version='3.1.0.wso2v1'>
      <properties size='1'>
        <property name='download.size' value='338331'/>
      </properties>
    </artifact>
    <artifact classifier='osgi.bundle' id='jgroups' version='3.0.6.wso2v1'>
      <properties size='1'>
        <property name='download.size' value='1743060'/>
      </properties>
    </artifact>
    <artifact classifier='osgi.bundle' id='org.wso2.carbon.registry.core' version='4.2.0'>
      <properties size='1'>
        <property name='download.size' value='756565'/>
      </properties>
    </artifact>
    <artifact classifier='osgi.bundle' id='org.wso2.carbon.registry.admin.api' version='4.2.0'>
      <properties size='1'>
        <property name='download.size' value='20792'/>
      </properties>
    </artifact>
    <artifact classifier='osgi.bundle' id='org.eclipse.ecf' version='3.1.300.v20110531-2218'>
      <properties size='1'>
        <property name='download.size' value='93249'/>
      </properties>
    </artifact>
    <artifact classifier='osgi.bundle' id='commons-collections' version='3.2.0.wso2v1'>
      <properties size='1'>
        <property name='download.size' value='577096'/>
      </properties>
    </artifact>
    <artifact classifier='osgi.bundle' id='org.wso2.carbon.tomcat.patch' version='4.2.0'>
      <properties size='1'>
        <property name='download.size' value='219239'/>
      </properties>
    </artifact>
    <artifact classifier='osgi.bundle' id='org.eclipse.equinox.simpleconfigurator.manipulator' version='2.0.0.v20110808-1657'>
      <properties size='1'>
        <property name='download.size' value='24055'/>
      </properties>
    </artifact>
    <artifact classifier='osgi.bundle' id='commons-httpclient' version='3.1.0.wso2v2'>
      <properties size='1'>
        <property name='download.size' value='568561'/>
      </properties>
    </artifact>
    <artifact classifier='osgi.bundle' id='org.jaggeryjs.jaggery.app.mgt.stub' version='0.9.0.SNAPSHOT'>
      <properties size='1'>
        <property name='download.size' value='34045'/>
      </properties>
    </artifact>
    <artifact classifier='osgi.bundle' id='org.wso2.carbon.i18n' version='4.2.0'>
      <properties size='1'>
        <property name='download.size' value='4857'/>
      </properties>
    </artifact>
    <artifact classifier='osgi.bundle' id='org.eclipse.equinox.p2.metadata.repository' version='1.2.0.v20110511-1359'>
      <properties size='1'>
        <property name='download.size' value='115717'/>
      </properties>
    </artifact>
    <artifact classifier='osgi.bundle' id='org.eclipse.equinox.security' version='1.1.100.v20120522-1841'>
      <properties size='1'>
        <property name='download.size' value='107460'/>
      </properties>
    </artifact>
    <artifact classifier='osgi.bundle' id='ant' version='1.7.0.wso2v1'>
      <properties size='1'>
        <property name='download.size' value='1306617'/>
      </properties>
    </artifact>
    <artifact classifier='osgi.bundle' id='wss4j' version='1.5.11.wso2v6'>
      <properties size='1'>
        <property name='download.size' value='2766752'/>
      </properties>
    </artifact>
    <artifact classifier='osgi.bundle' id='el-impl' version='2.2.0.wso2v1'>
      <properties size='1'>
        <property name='download.size' value='109770'/>
      </properties>
    </artifact>
    <artifact classifier='osgi.bundle' id='org.wso2.carbon.addressing' version='4.2.0'>
      <properties size='1'>
        <property name='download.size' value='34294'/>
      </properties>
    </artifact>
    <artifact classifier='osgi.bundle' id='org.eclipse.equinox.p2.extensionlocation' version='1.2.100.v20110510'>
      <properties size='1'>
        <property name='download.size' value='34562'/>
      </properties>
    </artifact>
    <artifact classifier='osgi.bundle' id='geronimo-stax-api_1.0_spec' version='1.0.1.wso2v1'>
      <properties size='1'>
        <property name='download.size' value='556817'/>
      </properties>
    </artifact>
    <artifact classifier='osgi.bundle' id='org.eclipse.equinox.http.helper' version='1.1.0.wso2v1'>
      <properties size='1'>
        <property name='download.size' value='24337'/>
      </properties>
    </artifact>
    <artifact classifier='osgi.bundle' id='org.wso2.carbon.server.admin' version='4.2.0'>
      <properties size='1'>
        <property name='download.size' value='59017'/>
      </properties>
    </artifact>
    <artifact classifier='osgi.bundle' id='org.eclipse.core.jobs' version='3.5.300.v20120622-204750'>
      <properties size='1'>
        <property name='download.size' value='92507'/>
      </properties>
    </artifact>
    <artifact classifier='osgi.bundle' id='org.wso2.carbon.server.admin.ui' version='4.2.0'>
      <properties size='1'>
        <property name='download.size' value='44600'/>
      </properties>
    </artifact>
    <artifact classifier='osgi.bundle' id='org.wso2.carbon.ndatasource.common' version='4.2.0'>
      <properties size='1'>
        <property name='download.size' value='6153'/>
      </properties>
    </artifact>
    <artifact classifier='osgi.bundle' id='org.wso2.carbon.feature.mgt.stub' version='4.2.0'>
      <properties size='1'>
        <property name='download.size' value='295327'/>
      </properties>
    </artifact>
    <artifact classifier='osgi.bundle' id='org.eclipse.equinox.p2.updatechecker' version='1.1.200.v20110502-1955'>
      <properties size='1'>
        <property name='download.size' value='16801'/>
      </properties>
    </artifact>
    <artifact classifier='osgi.bundle' id='org.eclipse.equinox.jsp.jasper' version='1.0.400.v20120522-2049'>
      <properties size='1'>
        <property name='download.size' value='28280'/>
      </properties>
    </artifact>
    <artifact classifier='osgi.bundle' id='org.apache.felix.gogo.runtime' version='0.8.0.v201108120515'>
      <properties size='1'>
        <property name='download.size' value='80002'/>
      </properties>
    </artifact>
    <artifact classifier='osgi.bundle' id='org.eclipse.equinox.launcher' version='1.3.0.v20120522-1813'>
      <properties size='1'>
        <property name='download.size' value='49283'/>
      </properties>
    </artifact>
    <artifact classifier='osgi.bundle' id='org.jaggeryjs.hostobjects.web' version='0.9.0.SNAPSHOT'>
      <properties size='1'>
        <property name='download.size' value='23509'/>
      </properties>
    </artifact>
    <artifact classifier='osgi.bundle' id='org.eclipse.ecf.filetransfer' version='5.0.0.v20110531-2218'>
      <properties size='1'>
        <property name='download.size' value='50501'/>
      </properties>
    </artifact>
    <artifact classifier='osgi.bundle' id='org.eclipse.equinox.frameworkadmin.equinox' version='1.0.400.v20120428-0117'>
      <properties size='1'>
        <property name='download.size' value='62579'/>
      </properties>
    </artifact>
    <artifact classifier='osgi.bundle' id='org.jaggeryjs.modules.email' version='1.0.0'>
      <properties size='1'>
        <property name='download.size' value='651621'/>
      </properties>
    </artifact>
    <artifact classifier='osgi.bundle' id='axis2' version='1.6.1.wso2v10'>
      <properties size='1'>
        <property name='download.size' value='8756998'/>
      </properties>
    </artifact>
    <artifact classifier='osgi.bundle' id='org.eclipse.equinox.util' version='1.0.400.v20120522-2049'>
      <properties size='1'>
        <property name='download.size' value='78023'/>
      </properties>
    </artifact>
    <artifact classifier='osgi.bundle' id='org.eclipse.equinox.p2.publisher' version='1.2.0.v20110511'>
      <properties size='1'>
        <property name='download.size' value='102065'/>
      </properties>
    </artifact>
    <artifact classifier='osgi.bundle' id='org.eclipse.equinox.p2.director.app' version='1.0.300.v20110505'>
      <properties size='1'>
        <property name='download.size' value='47303'/>
      </properties>
    </artifact>
    <artifact classifier='osgi.bundle' id='compass' version='2.0.1.wso2v2'>
      <properties size='1'>
        <property name='download.size' value='5714032'/>
      </properties>
    </artifact>
    <artifact classifier='osgi.bundle' id='rampart-policy' version='1.6.1.wso2v10'>
      <properties size='1'>
        <property name='download.size' value='167122'/>
      </properties>
    </artifact>
    <artifact classifier='osgi.bundle' id='rome' version='0.9.0.wso2v1'>
      <properties size='1'>
        <property name='download.size' value='247433'/>
      </properties>
    </artifact>
    <artifact classifier='osgi.bundle' id='org.jaggeryjs.hostobjects.uri' version='0.9.0.SNAPSHOT'>
      <properties size='1'>
        <property name='download.size' value='5092'/>
      </properties>
    </artifact>
    <artifact classifier='osgi.bundle' id='javax.servlet.jsp' version='2.2.0.v201112011158'>
      <properties size='1'>
        <property name='download.size' value='107235'/>
      </properties>
    </artifact>
    <artifact classifier='osgi.bundle' id='org.eclipse.equinox.p2.updatesite' version='1.0.300.v20110510'>
      <properties size='1'>
        <property name='download.size' value='82535'/>
      </properties>
    </artifact>
    <artifact classifier='org.eclipse.update.feature' id='org.jaggeryjs.modules.process' version='1.0.0'>
      <properties size='1'>
        <property name='download.size' value='5522'/>
      </properties>
      <repositoryProperties size='1'>
        <property name='artifact.folder' value='true'/>
      </repositoryProperties>
    </artifact>
    <artifact classifier='osgi.bundle' id='wsdl4j' version='1.6.2.wso2v4'>
      <properties size='1'>
        <property name='download.size' value='192947'/>
      </properties>
    </artifact>
    <artifact classifier='osgi.bundle' id='org.jaggeryjs.jaggery.core' version='0.9.0.SNAPSHOT'>
      <properties size='1'>
        <property name='download.size' value='65759'/>
      </properties>
    </artifact>
    <artifact classifier='osgi.bundle' id='org.eclipse.equinox.p2.touchpoint.natives' version='1.0.300.v20110502-1955'>
      <properties size='1'>
        <property name='download.size' value='50202'/>
      </properties>
    </artifact>
    <artifact classifier='osgi.bundle' id='org.wso2.carbon.base' version='4.2.0'>
      <properties size='1'>
        <property name='download.size' value='27524'/>
      </properties>
    </artifact>
    <artifact classifier='osgi.bundle' id='org.eclipse.equinox.http.servlet' version='1.1.300.v20120522-1841'>
      <properties size='1'>
        <property name='download.size' value='45070'/>
      </properties>
    </artifact>
    <artifact classifier='osgi.bundle' id='org.jaggeryjs.scriptengine' version='0.9.0.SNAPSHOT'>
      <properties size='1'>
        <property name='download.size' value='50178'/>
      </properties>
    </artifact>
    <artifact classifier='osgi.bundle' id='org.wso2.carbon.core.common' version='4.2.0'>
      <properties size='1'>
        <property name='download.size' value='6513'/>
      </properties>
    </artifact>
    <artifact classifier='osgi.bundle' id='org.eclipse.equinox.p2.core' version='2.1.0.v20110502-1955'>
      <properties size='1'>
        <property name='download.size' value='70810'/>
      </properties>
    </artifact>
    <artifact classifier='osgi.bundle' id='jdom' version='1.0.0.wso2v1'>
      <properties size='1'>
        <property name='download.size' value='149174'/>
      </properties>
    </artifact>
    <artifact classifier='osgi.bundle' id='org.eclipse.equinox.simpleconfigurator' version='1.0.301.v20120828-033635'>
      <properties size='1'>
        <property name='download.size' value='40704'/>
      </properties>
    </artifact>
    <artifact classifier='osgi.bundle' id='javasysmon' version='0.3.3.wso2v1'>
      <properties size='1'>
        <property name='download.size' value='88901'/>
      </properties>
    </artifact>
    <artifact classifier='osgi.bundle' id='org.eclipse.equinox.p2.artifact.repository' version='1.1.100.v20110519'>
      <properties size='1'>
        <property name='download.size' value='132450'/>
      </properties>
    </artifact>
    <artifact classifier='osgi.bundle' id='org.wso2.carbon.framework.exporter' version='4.2.0'>
      <properties size='1'>
        <property name='download.size' value='4510'/>
      </properties>
    </artifact>
    <artifact classifier='osgi.bundle' id='org.eclipse.equinox.p2.directorywatcher' version='1.0.300.v20110502-1955'>
      <properties size='1'>
        <property name='download.size' value='32570'/>
      </properties>
    </artifact>
    <artifact classifier='org.eclipse.update.feature' id='org.jaggeryjs.modules.i18n' version='1.0.0'>
      <properties size='1'>
        <property name='download.size' value='6109'/>
      </properties>
      <repositoryProperties size='1'>
        <property name='artifact.folder' value='true'/>
      </repositoryProperties>
    </artifact>
    <artifact classifier='osgi.bundle' id='org.eclipse.equinox.console' version='1.0.0.v20120522-1841'>
      <properties size='1'>
        <property name='download.size' value='111184'/>
      </properties>
    </artifact>
    <artifact classifier='osgi.bundle' id='org.eclipse.equinox.launcher.gtk.linux.x86' version='1.1.200.v20120522-1813'>
      <properties size='1'>
        <property name='download.size' value='75246'/>
      </properties>
      <repositoryProperties size='1'>
        <property name='artifact.folder' value='true'/>
      </repositoryProperties>
    </artifact>
    <artifact classifier='osgi.bundle' id='org.eclipse.equinox.p2.jarprocessor' version='1.0.200.v20110502-1955'>
      <properties size='1'>
        <property name='download.size' value='67018'/>
      </properties>
    </artifact>
    <artifact classifier='osgi.bundle' id='tomcat-ha' version='7.0.34.wso2v1'>
      <properties size='1'>
        <property name='download.size' value='132247'/>
      </properties>
    </artifact>
    <artifact classifier='osgi.bundle' id='org.apache.felix.gogo.shell' version='0.8.0.v201110170705'>
      <properties size='1'>
        <property name='download.size' value='60824'/>
      </properties>
    </artifact>
    <artifact classifier='org.eclipse.update.feature' id='org.jaggeryjs.ui' version='0.9.0.SNAPSHOT'>
      <properties size='1'>
        <property name='download.size' value='966'/>
      </properties>
      <repositoryProperties size='1'>
        <property name='artifact.folder' value='true'/>
      </repositoryProperties>
    </artifact>
    <artifact classifier='osgi.bundle' id='tomcat' version='7.0.34.wso2v1'>
      <properties size='1'>
        <property name='download.size' value='2731172'/>
      </properties>
    </artifact>
    <artifact classifier='osgi.bundle' id='httpcore' version='4.3.0.wso2v1'>
      <properties size='1'>
        <property name='download.size' value='278147'/>
      </properties>
    </artifact>
    <artifact classifier='osgi.bundle' id='org.wso2.carbon.core.services' version='4.2.0'>
      <properties size='1'>
        <property name='download.size' value='57909'/>
      </properties>
    </artifact>
    <artifact classifier='osgi.bundle' id='commons-io' version='2.0.0.wso2v2'>
      <properties size='1'>
        <property name='download.size' value='155573'/>
      </properties>
    </artifact>
    <artifact classifier='osgi.bundle' id='org.jaggeryjs.hostobjects.feed' version='0.9.0.SNAPSHOT'>
      <properties size='1'>
        <property name='download.size' value='16452'/>
      </properties>
    </artifact>
    <artifact classifier='osgi.bundle' id='wso2-uri-templates' version='1.6.2'>
      <properties size='1'>
        <property name='download.size' value='17539'/>
      </properties>
    </artifact>
    <artifact classifier='osgi.bundle' id='org.eclipse.equinox.p2.repository.tools' version='2.0.100.v20110512-1320'>
      <properties size='1'>
        <property name='download.size' value='232677'/>
      </properties>
    </artifact>
    <artifact classifier='org.eclipse.update.feature' id='org.jaggeryjs.modules.email' version='1.0.0'>
      <properties size='1'>
        <property name='download.size' value='5457'/>
      </properties>
      <repositoryProperties size='1'>
        <property name='artifact.folder' value='true'/>
      </repositoryProperties>
    </artifact>
    <artifact classifier='osgi.bundle' id='org.jaggeryjs.hostobjects.xslt' version='0.9.0.SNAPSHOT'>
      <properties size='1'>
        <property name='download.size' value='9177'/>
      </properties>
    </artifact>
    <artifact classifier='osgi.bundle' id='org.wso2.carbon.authenticator.proxy' version='4.2.0'>
      <properties size='1'>
        <property name='download.size' value='8156'/>
      </properties>
    </artifact>
    <artifact classifier='org.eclipse.update.feature' id='org.jaggeryjs.modules.oauth' version='1.0.0'>
      <properties size='1'>
        <property name='download.size' value='6004'/>
      </properties>
      <repositoryProperties size='1'>
        <property name='artifact.folder' value='true'/>
      </repositoryProperties>
    </artifact>
    <artifact classifier='osgi.bundle' id='org.wso2.carbon.cluster.mgt.core' version='4.2.0'>
      <properties size='1'>
        <property name='download.size' value='13651'/>
      </properties>
    </artifact>
    <artifact classifier='org.eclipse.update.feature' id='org.jaggeryjs.modules.handlebars' version='1.0.0'>
      <properties size='1'>
        <property name='download.size' value='18315'/>
      </properties>
      <repositoryProperties size='1'>
        <property name='artifact.folder' value='true'/>
      </repositoryProperties>
    </artifact>
    <artifact classifier='osgi.bundle' id='antlr' version='3.2.0.wso2v1'>
      <properties size='1'>
        <property name='download.size' value='447832'/>
      </properties>
    </artifact>
    <artifact classifier='osgi.bundle' id='org.jaggeryjs.hostobjects.file' version='0.9.0.SNAPSHOT'>
      <properties size='1'>
        <property name='download.size' value='15020'/>
      </properties>
    </artifact>
    <artifact classifier='osgi.bundle' id='axiom' version='1.2.11.wso2v4'>
      <properties size='1'>
        <property name='download.size' value='1629231'/>
      </properties>
    </artifact>
    <artifact classifier='osgi.bundle' id='javax.servlet.jsp' version='2.0.0.v200806031607'>
      <properties size='1'>
        <property name='download.size' value='62710'/>
      </properties>
    </artifact>
    <artifact classifier='osgi.bundle' id='commons-cli' version='1.2.0.wso2v1'>
      <properties size='1'>
        <property name='download.size' value='35413'/>
      </properties>
    </artifact>
    <artifact classifier='osgi.bundle' id='org.eclipse.equinox.p2.publisher.eclipse' version='1.0.0.v20110511'>
      <properties size='1'>
        <property name='download.size' value='198211'/>
      </properties>
      <repositoryProperties size='1'>
        <property name='artifact.folder' value='true'/>
      </repositoryProperties>
    </artifact>
    <artifact classifier='osgi.bundle' id='org.eclipse.wst.jsdt.debug.transport' version='1.0.100.v201109150330'>
      <properties size='1'>
        <property name='download.size' value='24602'/>
      </properties>
    </artifact>
    <artifact classifier='osgi.bundle' id='org.wso2.carbon.jasper.patch' version='4.2.0'>
      <properties size='1'>
        <property name='download.size' value='79403'/>
      </properties>
    </artifact>
    <artifact classifier='osgi.bundle' id='org.eclipse.equinox.p2.repository' version='2.1.0.v20110601'>
      <properties size='1'>
        <property name='download.size' value='127837'/>
      </properties>
    </artifact>
    <artifact classifier='osgi.bundle' id='org.wso2.carbon.application.deployer' version='4.2.0'>
      <properties size='1'>
        <property name='download.size' value='66211'/>
      </properties>
    </artifact>
    <artifact classifier='org.eclipse.update.feature' id='org.jaggeryjs.server' version='0.9.0.SNAPSHOT'>
      <properties size='1'>
        <property name='download.size' value='8766'/>
      </properties>
      <repositoryProperties size='1'>
        <property name='artifact.folder' value='true'/>
      </repositoryProperties>
    </artifact>
    <artifact classifier='osgi.bundle' id='org.wso2.carbon.core' version='4.2.0'>
      <properties size='1'>
        <property name='download.size' value='1861974'/>
      </properties>
    </artifact>
    <artifact classifier='org.eclipse.update.feature' id='org.jaggeryjs' version='0.9.0.SNAPSHOT'>
      <properties size='1'>
        <property name='download.size' value='803'/>
      </properties>
      <repositoryProperties size='1'>
        <property name='artifact.folder' value='true'/>
      </repositoryProperties>
    </artifact>
    <artifact classifier='osgi.bundle' id='org.eclipse.equinox.ds' version='1.4.0.v20120522-1841'>
      <properties size='1'>
        <property name='download.size' value='194030'/>
      </properties>
    </artifact>
    <artifact classifier='osgi.bundle' id='org.wso2.carbon.osgi.security' version='4.2.0'>
      <properties size='1'>
        <property name='download.size' value='5824'/>
      </properties>
    </artifact>
    <artifact classifier='osgi.bundle' id='org.jaggeryjs.core' version='0.9.0.SNAPSHOT'>
      <properties size='1'>
        <property name='download.size' value='6627'/>
      </properties>
    </artifact>
    <artifact classifier='osgi.bundle' id='org.eclipse.equinox.p2.garbagecollector' version='1.0.200.v20110510'>
      <properties size='1'>
        <property name='download.size' value='24987'/>
      </properties>
    </artifact>
    <artifact classifier='osgi.bundle' id='org.eclipse.equinox.concurrent' version='1.0.300.v20120522-2049'>
      <properties size='1'>
        <property name='download.size' value='21131'/>
      </properties>
    </artifact>
    <artifact classifier='osgi.bundle' id='org.apache.jasper.glassfish' version='2.2.2.v201205150955'>
      <properties size='1'>
        <property name='download.size' value='2383691'/>
      </properties>
    </artifact>
    <artifact classifier='osgi.bundle' id='abdera' version='1.0.0.wso2v3'>
      <properties size='1'>
        <property name='download.size' value='1108934'/>
      </properties>
    </artifact>
    <artifact classifier='osgi.bundle' id='org.wso2.carbon.queuing' version='4.2.0'>
      <properties size='1'>
        <property name='download.size' value='5540'/>
      </properties>
    </artifact>
    <artifact classifier='osgi.bundle' id='org.eclipse.ecf.provider.filetransfer' version='3.2.0.v20110531-2218'>
      <properties size='1'>
        <property name='download.size' value='126823'/>
      </properties>
    </artifact>
    <artifact classifier='osgi.bundle' id='org.wso2.carbon.feature.mgt.ui' version='4.2.0'>
      <properties size='1'>
        <property name='download.size' value='739872'/>
      </properties>
    </artifact>
    <artifact classifier='osgi.bundle' id='org.wso2.carbon.webapp.list.ui' version='4.2.0'>
      <properties size='1'>
        <property name='download.size' value='245530'/>
      </properties>
    </artifact>
    <artifact classifier='osgi.bundle' id='org.jaggeryjs.modules.ws' version='1.0.0'>
      <properties size='1'>
        <property name='download.size' value='66167'/>
      </properties>
    </artifact>
    <artifact classifier='osgi.bundle' id='org.wso2.securevault' version='1.0.0.wso2v2'>
      <properties size='1'>
        <property name='download.size' value='80183'/>
      </properties>
    </artifact>
    <artifact classifier='osgi.bundle' id='org.wso2.carbon.utils' version='4.2.0'>
      <properties size='1'>
        <property name='download.size' value='238552'/>
      </properties>
    </artifact>
    <artifact classifier='osgi.bundle' id='org.eclipse.equinox.p2.transport.ecf' version='1.0.100.v20110902-0807'>
      <properties size='1'>
        <property name='download.size' value='38870'/>
      </properties>
    </artifact>
    <artifact classifier='osgi.bundle' id='org.eclipse.wst.jsdt.debug.rhino.debugger' version='1.0.300.v201109150503'>
      <properties size='1'>
        <property name='download.size' value='71086'/>
      </properties>
    </artifact>
    <artifact classifier='osgi.bundle' id='org.jaggeryjs.jaggery.app.mgt' version='0.9.0.SNAPSHOT'>
      <properties size='1'>
        <property name='download.size' value='34258'/>
      </properties>
    </artifact>
    <artifact classifier='osgi.bundle' id='org.jaggeryjs.hostobjects.db' version='0.9.0.SNAPSHOT'>
      <properties size='1'>
        <property name='download.size' value='15018'/>
      </properties>
    </artifact>
    <artifact classifier='osgi.bundle' id='geronimo-saaj_1.3_spec' version='1.0.0.wso2v3'>
      <properties size='1'>
        <property name='download.size' value='25360'/>
      </properties>
    </artifact>
    <artifact classifier='osgi.bundle' id='org.wso2.carbon.tomcat.ext' version='4.2.0'>
      <properties size='1'>
        <property name='download.size' value='57858'/>
      </properties>
    </artifact>
    <artifact classifier='osgi.bundle' id='hazelcast' version='3.0.1.wso2v1'>
      <properties size='1'>
        <property name='download.size' value='2405428'/>
      </properties>
    </artifact>
    <artifact classifier='org.eclipse.update.feature' id='org.wso2.carbon.core' version='4.2.0'>
      <properties size='1'>
        <property name='download.size' value='833'/>
      </properties>
      <repositoryProperties size='1'>
        <property name='artifact.folder' value='true'/>
      </repositoryProperties>
    </artifact>
    <artifact classifier='osgi.bundle' id='org.wso2.carbon.registry.server' version='4.2.0'>
      <properties size='1'>
        <property name='download.size' value='12512'/>
      </properties>
    </artifact>
    <artifact classifier='osgi.bundle' id='jsr107cache' version='1.1.0.wso2v3'>
      <properties size='1'>
        <property name='download.size' value='9343'/>
      </properties>
    </artifact>
    <artifact classifier='osgi.bundle' id='org.wso2.carbon.user.api' version='4.2.0'>
      <properties size='1'>
        <property name='download.size' value='19077'/>
      </properties>
    </artifact>
    <artifact classifier='osgi.bundle' id='neethi' version='2.0.4.wso2v4'>
      <properties size='1'>
        <property name='download.size' value='28339'/>
      </properties>
    </artifact>
    <artifact classifier='osgi.bundle' id='javax.servlet' version='3.0.0.wso2v1'>
      <properties size='1'>
        <property name='download.size' value='170438'/>
      </properties>
    </artifact>
    <artifact classifier='osgi.bundle' id='org.wso2.carbon.ndatasource.core' version='4.2.0'>
      <properties size='1'>
        <property name='download.size' value='45063'/>
      </properties>
    </artifact>
    <artifact classifier='osgi.bundle' id='ehcache' version='1.5.0.wso2v3'>
      <properties size='1'>
        <property name='download.size' value='252038'/>
      </properties>
    </artifact>
    <artifact classifier='osgi.bundle' id='org.wso2.carbon.roles.mgt.ui' version='4.2.0'>
      <properties size='1'>
        <property name='download.size' value='150193'/>
      </properties>
    </artifact>
    <artifact classifier='osgi.bundle' id='org.wso2.carbon.tomcat' version='4.2.0'>
      <properties size='1'>
        <property name='download.size' value='22881'/>
      </properties>
    </artifact>
    <artifact classifier='osgi.bundle' id='org.eclipse.equinox.common' version='3.6.100.v20120522-1841'>
      <properties size='1'>
        <property name='download.size' value='106763'/>
      </properties>
    </artifact>
    <artifact classifier='osgi.bundle' id='org.eclipse.core.runtime' version='3.8.0.v20120521-2346'>
      <properties size='1'>
        <property name='download.size' value='75328'/>
      </properties>
    </artifact>
    <artifact classifier='osgi.bundle' id='commons-dbcp' version='1.4.0.wso2v1'>
      <properties size='1'>
        <property name='download.size' value='154934'/>
      </properties>
    </artifact>
    <artifact classifier='osgi.bundle' id='org.wso2.carbon.tomcat.fragment.dummy' version='4.2.0'>
      <properties size='1'>
        <property name='download.size' value='3954'/>
      </properties>
    </artifact>
    <artifact classifier='osgi.bundle' id='commons-pool' version='1.5.6.wso2v1'>
      <properties size='1'>
        <property name='download.size' value='95794'/>
      </properties>
    </artifact>
    <artifact classifier='osgi.bundle' id='opencsv' version='1.8.0.wso2v1'>
      <properties size='1'>
        <property name='download.size' value='24780'/>
      </properties>
    </artifact>
    <artifact classifier='osgi.bundle' id='org.sat4j.core' version='2.3.0.v20110329'>
      <properties size='1'>
        <property name='download.size' value='210701'/>
      </properties>
    </artifact>
    <artifact classifier='osgi.bundle' id='org.eclipse.equinox.p2.engine' version='2.1.0.v20110511'>
      <properties size='1'>
        <property name='download.size' value='181321'/>
      </properties>
    </artifact>
    <artifact classifier='osgi.bundle' id='org.eclipse.osgi.services' version='3.3.100.v20120522-1822'>
      <properties size='1'>
        <property name='download.size' value='83083'/>
      </properties>
    </artifact>
    <artifact classifier='osgi.bundle' id='org.jaggeryjs.jaggery.app.mgt.ui' version='0.9.0.SNAPSHOT'>
      <properties size='1'>
        <property name='download.size' value='528303'/>
      </properties>
    </artifact>
    <artifact classifier='osgi.bundle' id='org.wso2.carbon.webapp.mgt.stub' version='4.2.0'>
      <properties size='1'>
        <property name='download.size' value='348262'/>
      </properties>
    </artifact>
    <artifact classifier='org.eclipse.update.feature' id='org.jaggeryjs.modules.markdown' version='1.0.0'>
      <properties size='1'>
        <property name='download.size' value='18257'/>
      </properties>
      <repositoryProperties size='1'>
        <property name='artifact.folder' value='true'/>
      </repositoryProperties>
    </artifact>
    <artifact classifier='osgi.bundle' id='org.wso2.carbon.p2.touchpoint' version='4.2.0'>
      <properties size='1'>
        <property name='download.size' value='9167'/>
      </properties>
    </artifact>
    <artifact classifier='osgi.bundle' id='rampart-core' version='1.6.1.wso2v10'>
      <properties size='1'>
        <property name='download.size' value='173967'/>
      </properties>
    </artifact>
    <artifact classifier='osgi.bundle' id='org.eclipse.equinox.p2.metadata' version='2.1.0.v20110510'>
      <properties size='1'>
        <property name='download.size' value='339088'/>
      </properties>
    </artifact>
    <artifact classifier='osgi.bundle' id='org.wso2.carbon.authenticator.stub' version='4.2.0'>
      <properties size='1'>
        <property name='download.size' value='136325'/>
      </properties>
    </artifact>
    <artifact classifier='osgi.bundle' id='org.wso2.carbon.registry.indexing' version='4.2.0'>
      <properties size='1'>
        <property name='download.size' value='110996'/>
      </properties>
    </artifact>
    <artifact classifier='osgi.bundle' id='org.jaggeryjs.apps' version='0.9.0.SNAPSHOT'>
      <properties size='1'>
        <property name='download.size' value='112625'/>
      </properties>
    </artifact>
    <artifact classifier='osgi.bundle' id='org.eclipse.core.contenttype' version='3.4.200.v20120523-2004'>
      <properties size='1'>
        <property name='download.size' value='93177'/>
      </properties>
    </artifact>
    <artifact classifier='osgi.bundle' id='org.wso2.carbon.logging' version='4.2.0'>
      <properties size='1'>
        <property name='download.size' value='419439'/>
      </properties>
    </artifact>
    <artifact classifier='osgi.bundle' id='org.eclipse.equinox.preferences' version='3.5.0.v20120522-1841'>
      <properties size='1'>
        <property name='download.size' value='126763'/>
      </properties>
    </artifact>
    <artifact classifier='osgi.bundle' id='javax.el' version='2.2.0.v201108011116'>
      <properties size='1'>
        <property name='download.size' value='52319'/>
      </properties>
    </artifact>
    <artifact classifier='osgi.bundle' id='js' version='1.7.0.R4wso2v1'>
      <properties size='1'>
        <property name='download.size' value='1145455'/>
      </properties>
    </artifact>
    <artifact classifier='org.eclipse.update.feature' id='org.jaggeryjs.modules.uuid' version='1.0.0'>
      <properties size='1'>
        <property name='download.size' value='5493'/>
      </properties>
      <repositoryProperties size='1'>
        <property name='artifact.folder' value='true'/>
      </repositoryProperties>
    </artifact>
    <artifact classifier='osgi.bundle' id='ajaxtags' version='1.3.0.beta-rc7-wso2v1'>
      <properties size='1'>
        <property name='download.size' value='432054'/>
      </properties>
    </artifact>
    <artifact classifier='osgi.bundle' id='org.wso2.carbon.securevault' version='4.2.0'>
      <properties size='1'>
        <property name='download.size' value='14465'/>
      </properties>
    </artifact>
    <artifact classifier='osgi.bundle' id='org.wso2.carbon.feature.mgt.core' version='4.2.0'>
      <properties size='1'>
        <property name='download.size' value='43700'/>
      </properties>
    </artifact>
    <artifact classifier='osgi.bundle' id='opensaml2' version='2.4.1.wso2v1'>
      <properties size='1'>
        <property name='download.size' value='5620420'/>
      </properties>
    </artifact>
    <artifact classifier='osgi.bundle' id='org.wso2.carbon.roles.mgt.stub' version='4.2.0'>
      <properties size='1'>
        <property name='download.size' value='83203'/>
      </properties>
    </artifact>
    <artifact classifier='osgi.bundle' id='org.eclipse.core.expressions' version='3.4.401.v20120627-124442'>
      <properties size='1'>
        <property name='download.size' value='88236'/>
      </properties>
    </artifact>
    <artifact classifier='osgi.bundle' id='org.eclipse.ecf.provider.filetransfer.httpclient' version='4.0.200.v20120319-0616'>
      <properties size='1'>
        <property name='download.size' value='72923'/>
      </properties>
    </artifact>
    <artifact classifier='osgi.bundle' id='org.jaggeryjs.hostobjects.stream' version='0.9.0.SNAPSHOT'>
      <properties size='1'>
        <property name='download.size' value='4494'/>
      </properties>
    </artifact>
    <artifact classifier='org.eclipse.update.feature' id='org.wso2.jaggery.styles' version='0.9.0.SNAPSHOT'>
      <properties size='1'>
        <property name='download.size' value='868'/>
      </properties>
      <repositoryProperties size='1'>
        <property name='artifact.folder' value='true'/>
      </repositoryProperties>
    </artifact>
    <artifact classifier='osgi.bundle' id='org.wso2.carbon.ndatasource.rdbms' version='4.2.0'>
      <properties size='1'>
        <property name='download.size' value='21717'/>
      </properties>
    </artifact>
    <artifact classifier='osgi.bundle' id='org.wso2.carbon.ui' version='4.2.0'>
      <properties size='1'>
        <property name='download.size' value='3311499'/>
      </properties>
    </artifact>
    <artifact classifier='osgi.bundle' id='commons-fileupload' version='1.2.2.wso2v1'>
      <properties size='1'>
        <property name='download.size' value='54790'/>
      </properties>
    </artifact>
    <artifact classifier='osgi.bundle' id='org.wso2.carbon.registry.api' version='4.2.0'>
      <properties size='1'>
        <property name='download.size' value='12676'/>
      </properties>
    </artifact>
    <artifact classifier='osgi.bundle' id='org.wso2.carbon.feature.mgt.services' version='4.2.0'>
      <properties size='1'>
        <property name='download.size' value='38896'/>
      </properties>
    </artifact>
    <artifact classifier='osgi.bundle' id='org.eclipse.equinox.p2.director' version='2.1.0.v20110504-1715'>
      <properties size='1'>
        <property name='download.size' value='95071'/>
      </properties>
    </artifact>
    <artifact classifier='osgi.bundle' id='org.eclipse.equinox.frameworkadmin' version='2.0.100.v20120606-175127'>
      <properties size='1'>
        <property name='download.size' value='36191'/>
      </properties>
    </artifact>
    <artifact classifier='org.eclipse.update.feature' id='org.wso2.carbon.core.server' version='4.2.0'>
      <properties size='1'>
        <property name='download.size' value='964'/>
      </properties>
      <repositoryProperties size='1'>
        <property name='artifact.folder' value='true'/>
      </repositoryProperties>
    </artifact>
    <artifact classifier='osgi.bundle' id='org.eclipse.equinox.p2.touchpoint.eclipse' version='2.1.0.v20110511-wso2v1'>
      <properties size='1'>
        <property name='download.size' value='119254'/>
      </properties>
    </artifact>
    <artifact classifier='osgi.bundle' id='org.wso2.carbon.webapp.mgt' version='4.2.1'>
      <properties size='1'>
        <property name='download.size' value='123496'/>
      </properties>
    </artifact>
    <artifact classifier='osgi.bundle' id='org.jaggeryjs.jaggery.tools' version='0.9.0.SNAPSHOT'>
      <properties size='1'>
        <property name='download.size' value='13514'/>
      </properties>
    </artifact>
    <artifact classifier='osgi.bundle' id='org.wso2.carbon.ui.menu.general' version='4.2.0'>
      <properties size='1'>
        <property name='download.size' value='5140'/>
      </properties>
    </artifact>
    <artifact classifier='osgi.bundle' id='org.wso2.carbon.server.admin.stub' version='4.2.0'>
      <properties size='1'>
        <property name='download.size' value='179484'/>
      </properties>
    </artifact>
    <artifact classifier='osgi.bundle' id='annogen' version='0.1.0.wso2v1'>
      <properties size='1'>
        <property name='download.size' value='255349'/>
      </properties>
    </artifact>
    <artifact classifier='osgi.bundle' id='javax.cache.wso2' version='4.2.0'>
      <properties size='1'>
        <property name='download.size' value='78077'/>
      </properties>
    </artifact>
    <artifact classifier='osgi.bundle' id='infinispan-core' version='5.1.2.wso2v1'>
      <properties size='1'>
        <property name='download.size' value='2591264'/>
      </properties>
    </artifact>
    <artifact classifier='osgi.bundle' id='poi-ooxml' version='3.9.0.wso2v1'>
      <properties size='1'>
        <property name='download.size' value='2808158'/>
      </properties>
    </artifact>
    <artifact classifier='osgi.bundle' id='jstl' version='1.2.1.wso2v2'>
      <properties size='1'>
        <property name='download.size' value='436270'/>
      </properties>
    </artifact>
    <artifact classifier='osgi.bundle' id='woden' version='1.0.0.M8-wso2v1'>
      <properties size='1'>
        <property name='download.size' value='359999'/>
      </properties>
    </artifact>
    <artifact classifier='org.eclipse.update.feature' id='org.jaggeryjs.modules.ws' version='1.0.0'>
      <properties size='1'>
        <property name='download.size' value='5480'/>
      </properties>
      <repositoryProperties size='1'>
        <property name='artifact.folder' value='true'/>
      </repositoryProperties>
    </artifact>
    <artifact classifier='osgi.bundle' id='axis2-transport-jms' version='1.1.0.wso2v9'>
      <properties size='1'>
        <property name='download.size' value='89442'/>
      </properties>
    </artifact>
    <artifact classifier='osgi.bundle' id='org.jaggeryjs.hostobjects.log' version='0.9.0.SNAPSHOT'>
      <properties size='1'>
        <property name='download.size' value='5277'/>
      </properties>
    </artifact>
    <artifact classifier='osgi.bundle' id='org.wso2.carbon.user.core' version='4.2.0'>
      <properties size='1'>
        <property name='download.size' value='387391'/>
      </properties>
    </artifact>
    <artifact classifier='osgi.bundle' id='org.jaggeryjs.hostobjects.jaggeryparser' version='0.9.0.SNAPSHOT'>
      <properties size='1'>
        <property name='download.size' value='6218'/>
      </properties>
    </artifact>
    <artifact classifier='osgi.bundle' id='com.google.gson' version='2.1.0'>
      <properties size='1'>
        <property name='download.size' value='180110'/>
      </properties>
    </artifact>
    <artifact classifier='osgi.bundle' id='org.eclipse.equinox.registry' version='3.5.200.v20120522-1841'>
      <properties size='1'>
        <property name='download.size' value='184238'/>
      </properties>
    </artifact>
    <artifact classifier='osgi.bundle' id='org.jaggeryjs.modules.process' version='1.0.0'>
      <properties size='1'>
        <property name='download.size' value='4743'/>
      </properties>
    </artifact>
    <artifact classifier='org.eclipse.update.feature' id='org.wso2.carbon.core.common' version='4.2.0'>
      <properties size='1'>
        <property name='download.size' value='1800'/>
      </properties>
      <repositoryProperties size='1'>
        <property name='artifact.folder' value='true'/>
      </repositoryProperties>
    </artifact>
  </artifacts>
</repository>
