<module name="carbon" xmlns="http://wso2.org/projects/jaggery/module.xml">
    <!-- scripts -->
    <script>
        <name>osgi</name>
        <path>scripts/server/osgi.js</path>
    </script>
    <script>
        <name>tenant</name>
        <path>scripts/server/tenant.js</path>
    </script>
    <script>
        <name>server</name>
        <path>scripts/server/server.js</path>
    </script>
    <script>
        <name>config</name>
        <path>scripts/server/config.js</path>
    </script>
    <script>
        <name>user</name>
        <path>scripts/user/user.js</path>
    </script>
    <script>
        <name>registry</name>
        <path>scripts/registry/registry.js</path>
    </script>
    <script>
        <name>registry-osgi</name>
        <path>scripts/registry/registry-osgi.js</path>
    </script>
    <script>
        <name>artifacts</name>
        <path>scripts/registry/artifacts.js</path>
    </script>
    <script>
        <name>space</name>
        <path>scripts/user/space.js</path>
    </script>
    <script>
        <name>registry-space</name>
        <path>scripts/user/registry-space.js</path>
    </script>
    <script>
        <name>user-manager</name>
        <path>scripts/user/user-manager.js</path>
    </script>
</module>