<?xml version="1.0" encoding="UTF-8"?>
<config transient="false" date="1401604356643">
	<site enabled="true" updateable="true" policy="USER-EXCLUDE" url="platform:/base/">
		<feature id="org.wso2.carbon.core.common" url="features/org.wso2.carbon.core.common_4.2.0/" version="4.2.0">
		</feature>
		<feature id="org.jaggeryjs.modules.oauth" url="features/org.jaggeryjs.modules.oauth_1.0.0/" version="1.0.0">
		</feature>
		<feature id="org.jaggeryjs" url="features/org.jaggeryjs_0.9.0.SNAPSHOT/" version="0.9.0.SNAPSHOT">
		</feature>
		<feature id="org.jaggeryjs.modules.markdown" url="features/org.jaggeryjs.modules.markdown_1.0.0/" version="1.0.0">
		</feature>
		<feature id="org.jaggeryjs.modules.uuid" url="features/org.jaggeryjs.modules.uuid_1.0.0/" version="1.0.0">
		</feature>
		<feature id="org.jaggeryjs.modules.handlebars" url="features/org.jaggeryjs.modules.handlebars_1.0.0/" version="1.0.0">
		</feature>
		<feature id="org.jaggeryjs.ui" url="features/org.jaggeryjs.ui_0.9.0.SNAPSHOT/" version="0.9.0.SNAPSHOT">
		</feature>
		<feature id="org.wso2.carbon.core" url="features/org.wso2.carbon.core_4.2.0/" version="4.2.0">
		</feature>
		<feature id="org.jaggeryjs.modules.carbon" url="features/org.jaggeryjs.modules.carbon_1.0.0/" version="1.0.0">
		</feature>
		<feature id="org.jaggeryjs.modules.i18n" url="features/org.jaggeryjs.modules.i18n_1.0.0/" version="1.0.0">
		</feature>
		<feature id="org.jaggeryjs.modules.email" url="features/org.jaggeryjs.modules.email_1.0.0/" version="1.0.0">
		</feature>
		<feature id="org.wso2.carbon.core.ui" url="features/org.wso2.carbon.core.ui_4.2.0/" version="4.2.0">
		</feature>
		<feature id="org.wso2.carbon.core.runtime" url="features/org.wso2.carbon.core.runtime_4.2.0/" version="4.2.0">
		</feature>
		<feature id="org.jaggeryjs.modules.ws" url="features/org.jaggeryjs.modules.ws_1.0.0/" version="1.0.0">
		</feature>
		<feature id="org.jaggeryjs.modules.gadget" url="features/org.jaggeryjs.modules.gadget_1.0.0/" version="1.0.0">
		</feature>
		<feature id="org.wso2.carbon.core.server" url="features/org.wso2.carbon.core.server_4.2.0/" version="4.2.0">
		</feature>
		<feature id="org.wso2.jaggery.styles" url="features/org.wso2.jaggery.styles_0.9.0.SNAPSHOT/" version="0.9.0.SNAPSHOT">
		</feature>
		<feature id="org.jaggeryjs.modules.caramel" url="features/org.jaggeryjs.modules.caramel_1.0.1/" version="1.0.1">
		</feature>
		<feature id="org.jaggeryjs.server" url="features/org.jaggeryjs.server_0.9.0.SNAPSHOT/" version="0.9.0.SNAPSHOT">
		</feature>
		<feature id="org.jaggeryjs.modules.process" url="features/org.jaggeryjs.modules.process_1.0.0/" version="1.0.0">
		</feature>
	</site>
</config>
